<?xml version="1.0" encoding="utf-8" standalone="yes"?>
<rss version="2.0" xmlns:atom="http://www.w3.org/2005/Atom">
  <channel>
    <title>Red on AWS User Group Guatemala</title>
    <link>https://staging.d352y5tr18k1v8.amplifyapp.com/tags/red/</link>
    <description>Recent content in Red on AWS User Group Guatemala</description>
    <generator>Hugo</generator>
    <language>es-gt</language>
    <lastBuildDate>Sun, 07 Jan 2024 00:00:00 +0000</lastBuildDate>
    <atom:link href="https://staging.d352y5tr18k1v8.amplifyapp.com/tags/red/index.xml" rel="self" type="application/rss+xml" />
    <item>
      <title>My Last Post</title>
      <link>https://staging.d352y5tr18k1v8.amplifyapp.com/blog/my-last-post/</link>
      <pubDate>Sun, 07 Jan 2024 00:00:00 +0000</pubDate>
      <guid>https://staging.d352y5tr18k1v8.amplifyapp.com/blog/my-last-post/</guid>
      <description>Anim eiusmod irure incididunt sint cupidatat. Incididunt irure irure irure nisi ipsum do ut quis fugiat consectetur proident cupidatat incididunt cillum. Dolore voluptate occaecat qui mollit laborum ullamco et. Ipsum laboris officia anim laboris culpa eiusmod ex magna ex cupidatat anim ipsum aute.</description>
    </item>
    <item>
      <title>My First Post</title>
      <link>https://staging.d352y5tr18k1v8.amplifyapp.com/blog/my-first-post/</link>
      <pubDate>Sat, 01 Oct 2022 00:00:00 +0000</pubDate>
      <guid>https://staging.d352y5tr18k1v8.amplifyapp.com/blog/my-first-post/</guid>
      <description>Anim eiusmod irure incididunt sint cupidatat. Incididunt irure irure irure nisi ipsum do ut quis fugiat consectetur proident cupidatat incididunt cillum. Dolore voluptate occaecat qui mollit laborum ullamco et. Ipsum laboris officia anim laboris culpa eiusmod ex magna ex cupidatat anim ipsum aute.</description>
    </item>
  </channel>
</rss>
