<?xml version="1.0" encoding="utf-8" standalone="yes"?>
<rss version="2.0" xmlns:atom="http://www.w3.org/2005/Atom">
  <channel>
    <title>Tags on AWS User Group Guatemala</title>
    <link>https://staging.d352y5tr18k1v8.amplifyapp.com/tags/</link>
    <description>Recent content in Tags on AWS User Group Guatemala</description>
    <generator>Hugo</generator>
    <language>es-gt</language>
    <lastBuildDate>Sun, 07 Jan 2024 00:00:00 +0000</lastBuildDate>
    <atom:link href="https://staging.d352y5tr18k1v8.amplifyapp.com/tags/index.xml" rel="self" type="application/rss+xml" />
    <item>
      <title>Green</title>
      <link>https://staging.d352y5tr18k1v8.amplifyapp.com/tags/green/</link>
      <pubDate>Mon, 01 Jan 0001 00:00:00 +0000</pubDate>
      <guid>https://staging.d352y5tr18k1v8.amplifyapp.com/tags/green/</guid>
      <description></description>
    </item>
    <item>
      <title>Red</title>
      <link>https://staging.d352y5tr18k1v8.amplifyapp.com/tags/red/</link>
      <pubDate>Mon, 01 Jan 0001 00:00:00 +0000</pubDate>
      <guid>https://staging.d352y5tr18k1v8.amplifyapp.com/tags/red/</guid>
      <description></description>
    </item>
  </channel>
</rss>
